"Guid","CurrencyIsoCode","Name","SBQQ__BillingTermUnit__c","SBQQ__BillingTerm__c","SBQQ__Category__c","SBQQ__Description__c","SBQQ__MatchingAttribute__c","SBQQ__RatingMethod__c","SBQQ__Type__c","SBQQ__UnitOfMeasure__c"
004b1696-4fad-4f46-9330-07f992eb8e9c,USD,UDCI Ingested GB Usage,Month,1.0,Rates,"#N/A",UDCI-GB-2019,Tier,Range,GB
018d18b6-6203-4d2b-bfe6-df2bff71cec0,USD,UDCI Ingested GB Usage,Month,1.0,Rates,"#N/A",UDCI-GB-2019,Tier,Range,GB
01e4b27f-a825-4b56-8634-b54314f6c0b3,USD,UDCI Ingested GB Usage,Month,1.0,Rates,"#N/A",UDCI-GB-2019,Tier,Range,GB
0270910c-2204-4165-8291-effc1bd67c2d,USD,UDCI Ingested GB Usage,Month,1.0,Rates,"#N/A",UDCI-GB-2019,Tier,Range,GB
031e75df-9121-4f24-9bcf-6f6678163cfe,USD,UDCI Ingested GB Usage,Month,1.0,Rates,"#N/A",UDCI-GB-2019,Tier,Range,GB
037ea199-17a7-4f7d-8a8f-35d37c091bab,USD,UDCI Ingested GB Usage,Month,1.0,Rates,"#N/A",UDCI-GB-2019,Tier,Range,GB
05e29275-7292-414c-95c4-4cf32ea8517b,USD,UDCI Ingested GB Usage,Month,1.0,Rates,"#N/A",UDCI-GB-2019,Tier,Range,GB
062759cf-de3b-4c5f-9a9a-0b17adb8a512,USD,UDCI Ingested GB Usage,Month,1.0,Rates,"#N/A",UDCI-GB-2019,Tier,Range,GB
082f95ec-ad41-4002-a3f6-ebde7f98c9c4,USD,UDCI Ingested GB Usage,Month,12.0,Rates,"#N/A",UDCI-GB-2019,Tier,Range,GB
093b1483-7701-4d35-838d-de2350733e19,USD,UDCI Ingested GB Usage,Month,1.0,Rates,"#N/A",UDCI-GB-2019,Tier,Range,GB
09ad1038-88a4-42a5-87a2-d53322afce98,USD,UDCI Ingested GB Usage,Month,1.0,Rates,"#N/A",UDCI-GB-2019,Tier,Range,GB
0a5d1f2e-a00b-4786-8cf7-a2ff448f9b3a,USD,UDCI Ingested GB Usage,Month,1.0,Rates,"#N/A",UDCI-GB-2019,Tier,Range,GB
0ad13e39-8168-4572-b7b6-f6bdce59485f,USD,UDCI Ingested GB Usage,Month,1.0,Rates,"#N/A",UDCI-GB-2019,Tier,Range,GB
0b592532-e824-454f-8dcf-a95b85429e94,USD,UDCI Ingested GB Usage,Month,1.0,Rates,"#N/A",UDCI-GB-2019,Tier,Range,GB
0b60a945-6bf4-43e4-91a0-84ba66226692,USD,UDCI Ingested GB Usage,Month,1.0,Rates,"#N/A",UDCI-GB-2019,Tier,Range,GB
0bc59641-2cb2-47d5-92fa-15982c4a29ec,USD,UDCI Ingested GB Usage,Month,1.0,Rates,"#N/A",UDCI-GB-2019,Tier,Range,GB
0ca94e9b-23ae-4221-9c32-1d51648112c9,USD,UDCI Ingested GB Usage,Month,1.0,Rates,"#N/A",UDCI-GB-2019,Tier,Range,GB
0d2dfb6b-a1ac-4a92-b614-cefe4b3f4a61,USD,UDCI Ingested GB Usage,Month,1.0,Rates,"#N/A",UDCI-GB-2019,Tier,Range,GB
0df5418a-b500-4874-939c-ebd3c281e908,USD,UDCI Ingested GB Usage,Month,1.0,Rates,"#N/A",UDCI-GB-2019,Tier,Range,GB
0e7ab62e-53a2-4385-ae30-df7cefe55f3f,USD,UDCI Ingested GB Usage,Month,1.0,Rates,"#N/A",UDCI-GB-2019,Tier,Range,GB
0f76d034-4e3d-4efa-9e32-9c3808dc946a,USD,UDCI Ingested GB Usage,Month,1.0,Rates,"#N/A",UDCI-GB-2019,Tier,Range,GB
1068a40f-518c-419f-8df9-072ef444c6af,USD,UDCI Ingested GB Usage,Month,1.0,Rates,"#N/A",UDCI-GB-2019,Tier,Range,GB
1137e20f-5dba-4346-9526-c8431bf3f7ca,USD,UDCI Ingested GB Usage,Month,1.0,Rates,"#N/A",UDCI-GB-2019,Tier,Range,GB
11b02a1d-705e-4612-9654-6448816d67f8,USD,UDCI Ingested GB Usage,Month,1.0,Rates,"#N/A",UDCI-GB-2019,Tier,Range,GB
11bc9da7-46a5-49ab-8070-b2bd03643e5d,USD,UDCI Ingested GB Usage,Month,1.0,Rates,"#N/A",UDCI-GB-2019,Tier,Range,GB
12ecfcf1-0ec4-41fa-8893-b963940a93c3,USD,UDCI Ingested GB Usage,Month,1.0,Rates,"#N/A",UDCI-GB-2019,Tier,Range,GB
132af330-f269-4172-8bf4-55e9962b05cb,USD,UDCI Ingested GB Usage,Month,1.0,Rates,"#N/A",UDCI-GB-2019,Tier,Range,GB
13335bf8-36ef-4c8c-b13d-b901875e933f,USD,UDCI Ingested GB Usage,Month,1.0,Rates,"#N/A",UDCI-GB-2019,Tier,Range,GB
13eee818-3dd8-4142-833a-00093c4f276b,USD,UDCI Ingested GB Usage,Month,1.0,Rates,"#N/A",UDCI-GB-2019,Tier,Range,GB
13ffe2b7-253a-44c7-89d1-f60268dd5555,USD,UDCI Ingested GB Usage,Month,1.0,Rates,"#N/A",UDCI-GB-2019,Tier,Range,GB
1513d80c-367c-4d84-8c7f-4fb38a36ccf4,USD,UDCI Ingested GB Usage,Month,1.0,Rates,"#N/A",UDCI-GB-2019,Tier,Range,GB
151f6d71-9c77-42f7-816d-2e50f6987815,USD,UDCI Ingested GB Usage,Month,1.0,Rates,"#N/A",UDCI-GB-2019,Tier,Range,GB
1538d9c3-86d3-4503-9dfd-ef17e387648c,USD,UDCI Ingested GB Usage,Month,1.0,Rates,"#N/A",UDCI-GB-2019,Tier,Range,GB
154f96d2-7576-4fcf-85d7-380a4b87494f,USD,UDCI Ingested GB Usage,Month,1.0,Rates,"#N/A",UDCI-GB-2019,Tier,Range,GB
15a7a7ec-8043-4885-8a0c-3f871d8f98af,USD,UDCI Ingested GB Usage,Month,1.0,Rates,"#N/A",UDCI-GB-2019,Tier,Range,GB
165d6780-b380-4cfb-b965-4ef528699b2d,USD,UDCI Ingested GB Usage,Month,1.0,Rates,"#N/A",UDCI-GB-2019,Tier,Range,GB
166a00c8-329d-4bcd-b3f1-4a1066ed306c,USD,UDCI Ingested GB Usage,Month,1.0,Rates,"#N/A",UDCI-GB-2019,Tier,Range,GB
16b61be2-e82d-459f-93c6-d4e2f57302c5,USD,UDCI Ingested GB Usage,Month,1.0,Rates,"#N/A",UDCI-GB-2019,Tier,Range,GB
185c82b0-935f-4a63-9d96-52f87692f34b,USD,UDCI Ingested GB Usage,Month,1.0,Rates,"#N/A",UDCI-GB-2019,Tier,Range,GB
1941b891-ccde-458f-9b44-81dc62034d04,USD,UDCI Ingested GB Usage,Month,1.0,Rates,"#N/A",UDCI-GB-2019,Tier,Range,GB
1b1eed24-3933-4818-8d5c-3b915d0d66a1,USD,UDCI Ingested TB Usage (Flat Fee over 2 TB),Month,1.0,Rates,"#N/A",UDCI-TB-2019,Tier,Slab,TB
1b4fbb9b-5416-4895-b7f4-8366975a522c,USD,UDCI Ingested GB Usage,Month,1.0,Rates,"#N/A",UDCI-GB-2019,Tier,Range,GB
1b51014b-7160-4d03-96ac-aa28f6cc41e3,USD,UDCI Ingested GB Usage,Month,1.0,Rates,"#N/A",UDCI-GB-2019,Tier,Range,GB
1d50d0dd-811b-4784-96b8-ab7b1160ef70,USD,UDCI Ingested GB Usage,Month,1.0,Rates,"#N/A",UDCI-GB-2019,Tier,Range,GB
1f1da16a-d6ff-4981-9cd8-085ed0e7c9a9,USD,UDCI Ingested GB Usage,Month,1.0,Rates,"#N/A",UDCI-GB-2019,Tier,Range,GB
1f2f1993-d6ab-41b9-b274-ba8dc8af53e4,USD,UDCI Ingested GB Usage,Month,1.0,Rates,"#N/A",UDCI-GB-2019,Tier,Range,GB
1fed86b5-8806-4cae-8bac-ba87ace515a7,USD,UDCI Ingested GB Usage,Month,1.0,Rates,"#N/A",UDCI-GB-2019,Tier,Range,GB
2003b847-36c6-48be-82e4-a768c3326149,USD,UDCI Ingested GB Usage,Month,1.0,Rates,"#N/A",UDCI-GB-2019,Tier,Range,GB
20d15cba-13be-449f-aba7-e26483eed8fc,USD,UDCI Ingested GB Usage,Month,1.0,Rates,"#N/A",UDCI-GB-2019,Tier,Range,GB
20d316a3-0cba-4651-addf-c15051bffa93,USD,UDCI Ingested GB Usage,Month,1.0,Rates,"#N/A",UDCI-GB-2019,Tier,Range,GB
217efa71-5128-42a7-adef-3748468e9fa2,USD,UDCI Ingested GB Usage,Month,1.0,Rates,"#N/A",UDCI-GB-2019,Tier,Range,GB
219c7d16-f14b-4532-a887-b88f6ef5097b,USD,UDCI Ingested GB Usage,Month,1.0,Rates,"#N/A",UDCI-GB-2019,Tier,Range,GB
2238a0be-22b1-46e3-a670-dc356b0114c6,USD,UDCI Ingested GB Usage,Month,1.0,Rates,"#N/A",UDCI-GB-2019,Tier,Range,GB
224c5d03-0455-4da1-8a74-21cc2ffcbf95,USD,UDCI Ingested GB Usage,Month,1.0,Rates,"#N/A",UDCI-GB-2019,Tier,Range,GB
229d91c5-73ae-4571-9a96-a26928d64abc,USD,UDCI Ingested GB Usage,Month,1.0,Rates,"#N/A",UDCI-GB-2019,Tier,Range,GB
22be9666-1f8d-4d13-9731-059019c71e8e,USD,UDCI Ingested GB Usage,Month,1.0,Rates,"#N/A",UDCI-GB-2019,Tier,Range,GB
22fc1595-182d-4e57-821f-4f50fe4d2e59,USD,UDCI Ingested GB Usage,Month,1.0,Rates,"#N/A",UDCI-GB-2019,Tier,Range,GB
233c2eb3-e8d5-4847-90c3-d7fec5caeab1,USD,UDCI Ingested GB Usage,Month,1.0,Rates,"#N/A",UDCI-GB-2019,Tier,Range,GB
24ea4913-2afb-4d86-8b8a-0ed730343564,USD,UDCI Ingested GB Usage,Month,1.0,Rates,"#N/A",UDCI-GB-2019,Tier,Range,GB
2598a024-74cb-486b-9d07-3b3ca49387de,USD,UDCI Ingested MB Usage (Slab Pricing),Month,1.0,Rates,"#N/A",UDCI-MB-2019,Tier,Slab,MB
286eb558-e8d5-453e-92f8-cd884841473b,USD,UDCI Ingested GB Usage,Month,1.0,Rates,"#N/A",UDCI-GB-2019,Tier,Range,GB
2880e5da-69ba-48af-b15b-cdaed46f52db,USD,UDCI Ingested GB Usage,Month,1.0,Rates,"#N/A",UDCI-GB-2019,Tier,Range,GB
2935bc81-37c0-4c41-b48e-0ae927d90db2,USD,UDCI Ingested GB Usage,Month,1.0,Rates,"#N/A",UDCI-GB-2019,Tier,Range,GB
2b1a9695-f8ce-44ff-8a23-aa685e464a63,USD,UDCI Ingested GB Usage,Month,1.0,Rates,"#N/A",UDCI-GB-2019,Tier,Range,GB
2b1ca267-772e-4fd5-90e4-e5bfba200672,USD,UDCI Ingested GB Usage,Month,1.0,Rates,"#N/A",UDCI-GB-2019,Tier,Range,GB
2b4945e7-06ca-401b-84c4-e8622ab2607e,USD,UDCI Ingested GB Usage,Month,1.0,Rates,"#N/A",UDCI-GB-2019,Tier,Range,GB
2cf6e1b4-e8bc-4c6d-9f80-caab95402aea,USD,UDCI Ingested GB Usage,Month,1.0,Rates,"#N/A",UDCI-GB-2019,Tier,Range,GB
2d4610c5-087a-4b51-b301-299558a9dfb7,USD,UDCI Ingested GB Usage,Month,1.0,Rates,"#N/A",UDCI-GB-2019,Tier,Range,GB
2e50c577-2356-4895-934b-f4695ceee0a9,USD,UDCI Ingested GB Usage,Month,1.0,Rates,"#N/A",UDCI-GB-2019,Tier,Range,GB
2e8e5179-a8b2-45fc-b4e4-6cf69f6d0d42,USD,UDCI Ingested GB Usage,Month,1.0,Rates,"#N/A",UDCI-GB-2019,Tier,Range,GB
2ed700bb-0a8d-4f4d-b025-ce19f1a5b6d8,USD,UDCI Ingested GB Usage,Month,1.0,Rates,"#N/A",UDCI-GB-2019,Tier,Range,GB
2f557608-daca-40f4-bd72-7cdfe6dec10e,USD,UDCI Ingested GB Usage,Month,1.0,Rates,"#N/A",UDCI-GB-2019,Tier,Range,GB
2fbe5d83-a498-4b83-9a4f-304ec09bf474,USD,UDCI Ingested GB Usage,Month,1.0,Rates,"#N/A",UDCI-GB-2019,Tier,Range,GB
3013dc19-175d-4e5c-92ac-af07e3976d61,USD,UDCI Ingested GB Usage,Month,1.0,Rates,"#N/A",UDCI-GB-2019,Tier,Range,GB
31d9825e-929a-4237-bf7f-99c05f9f34fa,USD,UDCI Ingested GB Usage,Month,1.0,Rates,"#N/A",UDCI-GB-2019,Tier,Range,GB
32dc9461-59b2-486b-be60-4b0ac3d3fe2d,USD,UDCI Ingested GB Usage,Month,1.0,Rates,"#N/A",UDCI-GB-2019,Tier,Range,GB
335af217-cb47-4710-8b7a-4527b9ecf6f7,USD,UDCI Ingested GB Usage,Month,1.0,Rates,"#N/A",UDCI-GB-2019,Tier,Range,GB
344b927f-6dab-4133-bc92-8d36c0cae048,USD,UDCI Ingested GB Usage,Month,1.0,Rates,"#N/A",UDCI-GB-2019,Tier,Range,GB
35cbd77c-046a-4b87-bba8-a412f0dbe65c,USD,UDCI Ingested GB Usage,Month,1.0,Rates,"#N/A",UDCI-GB-2019,Tier,Range,GB
35d46a59-c680-4729-8312-e19b88611af4,USD,UDCI Ingested GB Usage,Month,1.0,Rates,"#N/A",UDCI-GB-2019,Tier,Range,GB
36326509-c444-4c5a-ab50-d47fec215549,USD,UDCI Ingested GB Usage,Month,1.0,Rates,"#N/A",UDCI-GB-2019,Tier,Range,GB
363fc0b6-ae83-4d5d-a5b8-305d337a2ea7,USD,UDCI Ingested GB Usage,Month,1.0,Rates,"#N/A",UDCI-GB-2019,Tier,Range,GB
371e58af-c912-4d02-aa3c-8f0b88dd8db0,USD,UDCI Ingested GB Usage,Month,1.0,Rates,"#N/A",UDCI-GB-2019,Tier,Range,GB
39a80409-4825-4a24-a328-9ca1c85b1e1a,USD,UDCI Ingested GB Usage,Month,1.0,Rates,"#N/A",UDCI-GB-2019,Tier,Range,GB
3a434805-dcca-4493-bc25-774a726ac227,USD,UDCI Ingested GB Usage,Month,1.0,Rates,"#N/A",UDCI-GB-2019,Tier,Range,GB
3a84a8cc-f17e-4142-badb-3a34f8e85d14,USD,UDCI Ingested TB Usage (Flat Fee over 2 TB),Month,1.0,Rates,"#N/A",UDCI-TB-2019,Tier,Slab,TB
3b12e3d5-809c-462e-9b2f-0182d0d026b9,USD,UDCI Ingested GB Usage,Month,1.0,Rates,"#N/A",UDCI-GB-2019,Tier,Range,GB
3bc44772-f21c-457c-999c-16f72d9bbf8a,USD,UDCI Ingested GB Usage,Month,1.0,Rates,"#N/A",UDCI-GB-2019,Tier,Range,GB
3c57dd38-7794-442b-a5f6-ca742a6393bf,USD,UDCI Ingested MB Usage (Slab Pricing),Month,1.0,Rates,"#N/A",UDCI-MB-2019,Tier,Slab,MB
3cc5200b-feed-4fa7-b31d-febe3a638ba9,USD,UDCI Ingested GB Usage,Month,1.0,Rates,"#N/A",UDCI-GB-2019,Tier,Range,GB
3ccae6ab-d2a1-41e7-a0b7-31a16f4ff794,USD,UDCI Ingested GB Usage,Month,1.0,Rates,"#N/A",UDCI-GB-2019,Tier,Range,GB
3da45d35-3dea-43a3-92e3-0bf4cba9de23,USD,UDCI Ingested GB Usage,Month,1.0,Rates,"#N/A",UDCI-GB-2019,Tier,Range,GB
3e822068-dc97-40cd-828b-3b3742c2e869,USD,UDCI Ingested GB Usage,Month,1.0,Rates,"#N/A",UDCI-GB-2019,Tier,Range,GB
3ff57678-cb8c-4439-a9b3-c04e9b38df0c,USD,UDCI Ingested GB Usage,Month,1.0,Rates,"#N/A",UDCI-GB-2019,Tier,Range,GB
4031535d-3092-4185-b620-99880198c310,USD,UDCI Ingested GB Usage,Month,1.0,Rates,"#N/A",UDCI-GB-2019,Tier,Range,GB
405f401d-2dc5-47ba-8468-dcb71388cee3,USD,UDCI Ingested GB Usage,Month,1.0,Rates,"#N/A",UDCI-GB-2019,Tier,Range,GB
4161e831-8f9f-496d-86d3-41e40076e466,USD,UDCI Ingested MB Usage (Slab Pricing),Month,1.0,Rates,"#N/A",UDCI-MB-2019,Tier,Slab,MB
421e2df1-5a70-43c2-bd30-1fcbc0249798,USD,UDCI Ingested GB Usage,Month,1.0,Rates,"#N/A",UDCI-GB-2019,Tier,Range,GB
42746597-075d-44fd-885b-c544c18ace07,USD,UDCI Ingested GB Usage,Month,1.0,Rates,"#N/A",UDCI-GB-2019,Tier,Range,GB
439e74a2-7773-4ef8-acb5-c1822b3622a0,USD,UDCI Ingested GB Usage,Month,1.0,Rates,"#N/A",UDCI-GB-2019,Tier,Range,GB
43e344ae-24e8-4ada-bfc3-d55f2a37f55a,USD,UDCI Ingested GB Usage,Month,1.0,Rates,"#N/A",UDCI-GB-2019,Tier,Range,GB
44e0b5cc-f825-42e6-8144-6aa72e0e3726,USD,UDCI Ingested GB Usage,Month,1.0,Rates,"#N/A",UDCI-GB-2019,Tier,Range,GB
450062b3-dec3-48ac-b2f9-b492fffc518e,USD,UDCI Ingested GB Usage,Month,1.0,Rates,"#N/A",UDCI-GB-2019,Tier,Range,GB
461a82fe-7984-4034-8bf2-c87f796037f2,USD,UDCI Ingested GB Usage,Month,1.0,Rates,"#N/A",UDCI-GB-2019,Tier,Range,GB
486f9f9f-7733-45e0-99e7-ccdffb93daa7,USD,UDCI Ingested GB Usage,Month,1.0,Rates,"#N/A",UDCI-GB-2019,Tier,Range,GB
4877b82e-8b48-4e76-9427-08df941c7cae,USD,UDCI Ingested GB Usage,Month,1.0,Rates,"#N/A",UDCI-GB-2019,Tier,Range,GB
48905d6d-b94c-4c27-9310-d1ced8ec6296,USD,UDCI Ingested GB Usage,Month,1.0,Rates,"#N/A",UDCI-GB-2019,Tier,Range,GB
48f7af1f-0ade-400a-b418-01c03dd0d8bc,USD,UDCI Ingested GB Usage,Month,1.0,Rates,"#N/A",UDCI-GB-2019,Tier,Range,GB
49dbbe81-a723-46cc-bad3-17bbb9808d0c,USD,UDCI Ingested GB Usage,Month,1.0,Rates,"#N/A",UDCI-GB-2019,Tier,Range,GB
4af9d5da-fc8b-407b-83cc-e99da816973b,USD,UDCI Ingested GB Usage,Month,1.0,Rates,"#N/A",UDCI-GB-2019,Tier,Range,GB
4b44ffa3-e568-426e-89a9-3ea5c36ac437,USD,UDCI Ingested GB Usage,Month,1.0,Rates,"#N/A",UDCI-GB-2019,Tier,Range,GB
4b82e874-7577-49bd-9e4a-a0480899b98a,USD,UDCI Ingested GB Usage,Month,1.0,Rates,"#N/A",UDCI-GB-2019,Tier,Range,GB
4b951b1b-3a2f-46ed-ae48-41ca109c64e1,USD,UDCI Ingested GB Usage,Month,1.0,Rates,"#N/A",UDCI-GB-2019,Tier,Range,GB
4bea6710-4b12-4e12-b180-45f0a55c2f64,USD,UDCI Ingested GB Usage,Month,1.0,Rates,"#N/A",UDCI-GB-2019,Tier,Range,GB
4c1ce7f8-e041-446e-8515-f25370ef8857,USD,UDCI Ingested GB Usage,Month,1.0,Rates,"#N/A",UDCI-GB-2019,Tier,Range,GB
51975db9-12a5-49c3-b4b0-d2c41e1381f0,USD,UDCI Ingested GB Usage,Month,1.0,Rates,"#N/A",UDCI-GB-2019,Tier,Range,GB
52495fb2-efb7-4543-b3fc-35d29a8807e7,USD,UDCI Ingested GB Usage,Month,1.0,Rates,"#N/A",UDCI-GB-2019,Tier,Range,GB
52647d70-a57d-471a-b02a-6b4a3bafb521,USD,UDCI Ingested GB Usage,Month,1.0,Rates,"#N/A",UDCI-GB-2019,Tier,Range,GB
529b91ec-d4f9-434b-9ecb-44d480ca3a42,USD,UDCI Ingested GB Usage,Month,1.0,Rates,"#N/A",UDCI-GB-2019,Tier,Range,GB
53610144-84f1-4c7f-9335-fa33617794b3,USD,UDCI Ingested GB Usage,Month,1.0,Rates,"#N/A",UDCI-GB-2019,Tier,Range,GB
53ee2fab-fbed-45ea-86ae-8b4b11953a73,USD,UDCI Ingested GB Usage,Month,1.0,Rates,"#N/A",UDCI-GB-2019,Tier,Range,GB
542027be-c7f6-41df-b790-c040fe61fc99,USD,UDCI Ingested GB Usage,Month,1.0,Rates,"#N/A",UDCI-GB-2019,Tier,Range,GB
54fbf59a-5f0a-4ec4-bdd6-8f04581783ba,USD,UDCI Ingested GB Usage,Month,1.0,Rates,"#N/A",UDCI-GB-2019,Tier,Range,GB
5582744b-17c0-4777-b2fc-58f75b4c2850,USD,UDCI Ingested GB Usage,Month,1.0,Rates,"#N/A",UDCI-GB-2019,Tier,Range,GB
55be0da3-c3cb-46e0-9a2b-219557fe2486,USD,UDCI Ingested GB Usage,Month,1.0,Rates,"#N/A",UDCI-GB-2019,Tier,Range,GB
56522f0d-79d1-4af0-8b07-dcad60a4f60d,USD,UDCI Ingested GB Usage,Month,1.0,Rates,"#N/A",UDCI-GB-2019,Tier,Range,GB
566cc6d6-7e5e-4fde-930a-46a2b1b28222,USD,UDCI Ingested GB Usage,Month,1.0,Rates,"#N/A",UDCI-GB-2019,Tier,Range,GB
568bfc15-7ac0-4ea4-96e4-9f0693d1c3b1,USD,UDCI Ingested GB Usage,Month,1.0,Rates,"#N/A",UDCI-GB-2019,Tier,Range,GB
57fa196e-6652-450a-845b-a7b768880278,USD,UDCI Ingested GB Usage,Month,1.0,Rates,"#N/A",UDCI-GB-2019,Tier,Range,GB
5850c119-94b1-40aa-85f5-5e5ac514dcd9,USD,UDCI Ingested GB Usage,Month,1.0,Rates,"#N/A",UDCI-GB-2019,Tier,Range,GB
587c96da-88ed-4789-a707-4b9e01feb1cc,USD,UDCI Ingested GB Usage,Month,1.0,Rates,"#N/A",UDCI-GB-2019,Tier,Range,GB
591fd4cb-218d-47f4-a651-98b89b9d381d,USD,UDCI Ingested GB Usage,Month,1.0,Rates,"#N/A",UDCI-GB-2019,Tier,Range,GB
598a767a-20eb-4b80-81ea-55a47587bce5,USD,UDCI Ingested GB Usage,Month,1.0,Rates,"#N/A",UDCI-GB-2019,Tier,Range,GB
59cfd1b5-df33-4d2c-a6df-f48df4094c62,USD,UDCI Ingested GB Usage,Month,1.0,Rates,"#N/A",UDCI-GB-2019,Tier,Range,GB
59e23803-7aa6-414b-aa7e-c18765560089,USD,UDCI Ingested GB Usage,Month,1.0,Rates,"#N/A",UDCI-GB-2019,Tier,Range,GB
5a84c16d-5ff5-44dc-8b23-ef8ba5eba490,USD,UDCI Ingested GB Usage,Month,1.0,Rates,"#N/A",UDCI-GB-2019,Tier,Range,GB
5b5526f2-e26a-430a-be69-df43008d049f,USD,UDCI Ingested GB Usage,Month,1.0,Rates,"#N/A",UDCI-GB-2019,Tier,Range,GB
5bb0075d-ea87-4b42-b75e-734ce4e0c0dd,USD,UDCI Ingested GB Usage,Month,1.0,Rates,"#N/A",UDCI-GB-2019,Tier,Range,GB
5bd29621-0a48-4457-8ee5-8bdea9ef3cd0,USD,UDCI Ingested GB Usage,Month,1.0,Rates,"#N/A",UDCI-GB-2019,Tier,Range,GB
5cfeb833-357a-4d56-97a2-7af3fa65a3b8,USD,UDCI Ingested GB Usage,Month,1.0,Rates,"#N/A",UDCI-GB-2019,Tier,Range,GB
5d0f4ee4-52ba-427a-888d-7bc56cf7356c,USD,UDCI Ingested GB Usage,Month,1.0,Rates,"#N/A",UDCI-GB-2019,Tier,Range,GB
5f7e2e48-ce4f-4dab-bdb7-fa1ac23b6b73,USD,UDCI Ingested GB Usage,Month,1.0,Rates,"#N/A",UDCI-GB-2019,Tier,Range,GB
5f7fcadd-7193-4d87-9e9b-5b0f81a914c3,USD,UDCI Ingested GB Usage,Month,1.0,Rates,"#N/A",UDCI-GB-2019,Tier,Range,GB
5fb806c0-950f-4f03-a412-f67d54055511,USD,UDCI Ingested GB Usage,Month,1.0,Rates,"#N/A",UDCI-GB-2019,Tier,Range,GB
6058e519-a8c7-4801-8adc-585b6786a508,USD,UDCI Ingested GB Usage,Month,1.0,Rates,"#N/A",UDCI-GB-2019,Tier,Range,GB
60b3e7b0-12a1-48d4-9183-b9d70af2edd6,USD,UDCI Ingested GB Usage,Month,1.0,Rates,"#N/A",UDCI-GB-2019,Tier,Range,GB
611f68b9-e330-46d1-8266-265d9e93ce2a,USD,UDCI Ingested GB Usage,Month,1.0,Rates,"#N/A",UDCI-GB-2019,Tier,Range,GB
612111cd-761f-4540-92b7-dfb1c82de2b5,USD,UDCI Ingested MB Usage (Slab Pricing),Month,1.0,Rates,"#N/A",UDCI-MB-2019,Tier,Slab,MB
6400e24a-e1b4-4da1-a65c-1557d91b01b9,USD,UDCI Ingested GB Usage,Month,1.0,Rates,"#N/A",UDCI-GB-2019,Tier,Range,GB
643ac170-06e1-4007-805a-1d73f0550971,USD,UDCI Ingested GB Usage,Month,1.0,Rates,"#N/A",UDCI-GB-2019,Tier,Range,GB
67aa1a67-dc79-45c7-bf8c-acc0db21d769,USD,UDCI Ingested GB Usage,Month,1.0,Rates,"#N/A",UDCI-GB-2019,Tier,Range,GB
67eb0a97-d757-4855-9dd1-16fe99f63518,USD,UDCI Ingested GB Usage,Month,1.0,Rates,"#N/A",UDCI-GB-2019,Tier,Range,GB
68e0da55-d02a-496b-a63c-bbf9e85ca246,USD,UDCI Ingested GB Usage,Month,1.0,Rates,"#N/A",UDCI-GB-2019,Tier,Range,GB
6986e973-9f74-471b-978e-c1cf914b6d47,USD,UDCI Ingested GB Usage,Month,1.0,Rates,"#N/A",UDCI-GB-2019,Tier,Range,GB
69e8aa20-4889-4cd5-8e7c-90c1e74f4fee,USD,UDCI Ingested GB Usage,Month,1.0,Rates,"#N/A",UDCI-GB-2019,Tier,Range,GB
6a154731-502f-417e-bdc4-4f00db5a39ab,USD,UDCI Ingested GB Usage,Month,1.0,Rates,"#N/A",UDCI-GB-2019,Tier,Range,GB
6ad5eca7-c7fe-4879-a6ff-19dce2a21d19,USD,UDCI Ingested GB Usage,Month,1.0,Rates,"#N/A",UDCI-GB-2019,Tier,Range,GB
6b450d69-de3c-49a7-b0f7-e3026ceba0ca,USD,UDCI Ingested GB Usage,Month,1.0,Rates,"#N/A",UDCI-GB-2019,Tier,Range,GB
6c0c7b06-3e9d-45e5-838b-b77411ae74e9,USD,UDCI Ingested GB Usage,Month,1.0,Rates,"#N/A",UDCI-GB-2019,Tier,Range,GB
6c1f2d9a-20fc-4e64-9b7b-06bcb2f30d8e,USD,UDCI Ingested GB Usage,Month,1.0,Rates,"#N/A",UDCI-GB-2019,Tier,Range,GB
6cd65dbd-9751-4c67-84f0-20fcda8794e9,USD,UDCI Ingested GB Usage,Month,1.0,Rates,"#N/A",UDCI-GB-2019,Tier,Range,GB
6ce61d05-4950-4d50-8d5a-74a77e587013,USD,UDCI Ingested GB Usage,Month,1.0,Rates,"#N/A",UDCI-GB-2019,Tier,Range,GB
6cf0dbfc-8411-412c-8124-8f383ffe17df,USD,UDCI Ingested GB Usage,Month,1.0,Rates,"#N/A",UDCI-GB-2019,Tier,Range,GB
6d9b52a7-98de-419e-8555-98ffa489eef1,USD,UDCI Ingested GB Usage,Month,1.0,Rates,"#N/A",UDCI-GB-2019,Tier,Range,GB
6f140aba-a27f-41bc-b9d3-256720f47147,USD,UDCI Ingested GB Usage,Month,1.0,Rates,"#N/A",UDCI-GB-2019,Tier,Range,GB
6f68330d-cb42-4361-9bb9-1642ba164ada,USD,UDCI Ingested GB Usage,Month,1.0,Rates,"#N/A",UDCI-GB-2019,Tier,Range,GB
6fa7781c-e58e-43df-a6d1-d7465ef5a230,USD,UDCI Ingested GB Usage,Month,1.0,Rates,"#N/A",UDCI-GB-2019,Tier,Range,GB
6fb0b824-2f7d-427f-ac79-adbdc92e558b,USD,UDCI Ingested GB Usage,Month,1.0,Rates,"#N/A",UDCI-GB-2019,Tier,Range,GB
6fc5eef0-7647-4f29-859e-0553dbc61651,USD,UDCI Ingested GB Usage,Month,1.0,Rates,"#N/A",UDCI-GB-2019,Tier,Range,GB
7002a092-1a07-4242-bc9d-aa9ff9a00770,USD,UDCI Ingested GB Usage,Month,1.0,Rates,"#N/A",UDCI-GB-2019,Tier,Range,GB
701474e1-8c0b-4cfb-8175-35005a5f49e0,USD,UDCI Ingested GB Usage,Month,1.0,Rates,"#N/A",UDCI-GB-2019,Tier,Range,GB
70625da2-1088-42eb-8cdc-6f277c2d8f67,USD,UDCI Ingested GB Usage,Month,1.0,Rates,"#N/A",UDCI-GB-2019,Tier,Range,GB
7073c44b-b054-4982-8dae-ed02ac5c2121,USD,UDCI Ingested GB Usage,Month,1.0,Rates,"#N/A",UDCI-GB-2019,Tier,Range,GB
71646874-c499-4d6b-bf97-88bd1f8c25c9,USD,UDCI Ingested GB Usage,Month,1.0,Rates,"#N/A",UDCI-GB-2019,Tier,Range,GB
718ecd70-7434-4398-bccc-b86646ef3e5b,USD,UDCI Ingested GB Usage,Month,1.0,Rates,"#N/A",UDCI-GB-2019,Tier,Range,GB
7249e712-ff5a-4449-9a71-8de6deca08b2,USD,UDCI Ingested GB Usage,Month,1.0,Rates,"#N/A",UDCI-GB-2019,Tier,Range,GB
72548c24-1821-4c7d-b8f9-50c4d18bd98d,USD,UDCI Ingested GB Usage,Month,1.0,Rates,"#N/A",UDCI-GB-2019,Tier,Range,GB
7258a9d5-0a6b-4fb3-80ac-31ba7190cc04,USD,UDCI Ingested GB Usage,Month,1.0,Rates,"#N/A",UDCI-GB-2019,Tier,Range,GB
7436e1c4-7f4f-4de6-81c8-58d2961bf712,USD,UDCI Ingested GB Usage,Month,1.0,Rates,"#N/A",UDCI-GB-2019,Tier,Range,GB
75215573-615b-48e1-9061-4311bf97539f,USD,UDCI Ingested GB Usage,Month,1.0,Rates,"#N/A",UDCI-GB-2019,Tier,Range,GB
7554c8ea-bd35-426c-8d79-0b98a16a9768,USD,UDCI Ingested GB Usage,Month,1.0,Rates,"#N/A",UDCI-GB-2019,Tier,Range,GB
7619a23e-2c8e-46cf-8ae0-bc1f7011a47e,USD,UDCI Ingested GB Usage,Month,1.0,Rates,"#N/A",UDCI-GB-2019,Tier,Range,GB
763f2650-8d42-4171-acff-bf08d16c7fc6,USD,UDCI Ingested GB Usage,Month,1.0,Rates,"#N/A",UDCI-GB-2019,Tier,Range,GB
766b39aa-89f8-4bcb-98bf-865286054fa9,USD,UDCI Ingested GB Usage,Month,1.0,Rates,"#N/A",UDCI-GB-2019,Tier,Range,GB
77258ae8-4f01-4764-b806-dbcda13fcd84,USD,UDCI Ingested GB Usage,Month,1.0,Rates,"#N/A",UDCI-GB-2019,Tier,Range,GB
77b98202-7f62-4b6e-9938-6251f7cc4ae7,USD,UDCI Ingested GB Usage,Month,1.0,Rates,"#N/A",UDCI-GB-2019,Tier,Range,GB
78950920-ceb0-4839-85fa-b41bd6f240ed,USD,UDCI Ingested GB Usage,Month,1.0,Rates,"#N/A",UDCI-GB-2019,Tier,Range,GB
78a15044-6524-43b0-a6ed-5cbeed55beab,USD,UDCI Ingested GB Usage,Month,1.0,Rates,"#N/A",UDCI-GB-2019,Tier,Range,GB
78f03560-9fc1-41fa-ac94-8c2fbe2fb847,USD,UDCI Ingested GB Usage,Month,1.0,Rates,"#N/A",UDCI-GB-2019,Tier,Range,GB
79150fbb-a635-49b4-9db0-8a559bac74b0,USD,UDCI Ingested GB Usage,Month,1.0,Rates,"#N/A",UDCI-GB-2019,Tier,Range,GB
7a1e043a-7a9a-46ce-aa08-c59a6d3df7a7,USD,UDCI Ingested GB Usage,Month,1.0,Rates,"#N/A",UDCI-GB-2019,Tier,Range,GB
7a899299-2da2-4328-b302-05e0dff866d9,USD,UDCI Ingested GB Usage,Month,1.0,Rates,"#N/A",UDCI-GB-2019,Tier,Range,GB
7af4660e-02b9-4b83-9cd5-680f6b6116ae,USD,UDCI Ingested GB Usage,Month,1.0,Rates,"#N/A",UDCI-GB-2019,Tier,Range,GB
7b7b1122-6c6b-4d6e-92e3-e31d7c206923,USD,UDCI Ingested GB Usage,Month,1.0,Rates,"#N/A",UDCI-GB-2019,Tier,Range,GB
7ba9d998-6d88-44b5-baa5-cc9b31fe3c0d,USD,UDCI Ingested GB Usage,Month,1.0,Rates,"#N/A",UDCI-GB-2019,Tier,Range,GB
7c41a316-4b46-4ecb-81fa-7b586861de41,USD,UDCI Ingested GB Usage,Month,1.0,Rates,"#N/A",UDCI-GB-2019,Tier,Range,GB
7cda9217-1cd3-4645-aeb3-abfe94c22b01,USD,UDCI Ingested GB Usage,Month,1.0,Rates,"#N/A",UDCI-GB-2019,Tier,Range,GB
7d7e809f-11dd-446e-95d3-3ed48ef56d5e,USD,UDCI Ingested GB Usage,Month,1.0,Rates,"#N/A",UDCI-GB-2019,Tier,Range,GB
7dc75007-e4be-4a3d-91dc-225691afc5cd,USD,UDCI Ingested GB Usage,Month,1.0,Rates,"#N/A",UDCI-GB-2019,Tier,Range,GB
7ee1ee86-dd83-4e97-ad23-bf79191acb0f,USD,UDCI Ingested GB Usage,Month,1.0,Rates,"#N/A",UDCI-GB-2019,Tier,Range,GB
813a44b7-deed-43c4-a0ab-0c5ea2fd97fd,USD,UDCI Ingested GB Usage,Month,1.0,Rates,"#N/A",UDCI-GB-2019,Tier,Range,GB
8221dfb0-2900-46cb-8d9b-1b4556d727b6,USD,UDCI Ingested GB Usage,Month,1.0,Rates,"#N/A",UDCI-GB-2019,Tier,Range,GB
82314312-edfc-4a34-8dc8-4558631a4ca4,USD,UDCI Ingested GB Usage,Month,1.0,Rates,"#N/A",UDCI-GB-2019,Tier,Range,GB
826cf153-63c9-408a-8f6c-c970c1ea2337,USD,UDCI Ingested GB Usage,Month,1.0,Rates,"#N/A",UDCI-GB-2019,Tier,Range,GB
82f97921-16e1-4ddf-82fc-8194f3923b3a,USD,UDCI Ingested GB Usage,Month,1.0,Rates,"#N/A",UDCI-GB-2019,Tier,Range,GB
84832db3-b95a-4158-8ec8-72e421886001,USD,UDCI Ingested GB Usage,Month,1.0,Rates,"#N/A",UDCI-GB-2019,Tier,Range,GB
85370f45-7bcb-49ec-b59b-d089b8bb76a9,USD,UDCI Ingested GB Usage,Month,1.0,Rates,"#N/A",UDCI-GB-2019,Tier,Range,GB
8606f72a-9e2c-4207-a5a0-af361bc5dac1,USD,UDCI Ingested GB Usage,Month,1.0,Rates,"#N/A",UDCI-GB-2019,Tier,Range,GB
862a633c-c582-4494-9a42-51d7c15e7cce,USD,UDCI Ingested GB Usage,Month,1.0,Rates,"#N/A",UDCI-GB-2019,Tier,Range,GB
863dce6e-3050-4d54-a4f6-b2cd16d13f92,USD,UDCI Ingested GB Usage,Month,1.0,Rates,"#N/A",UDCI-GB-2019,Tier,Range,GB
86817075-7eba-417a-9627-5702b4e8e54b,USD,UDCI Ingested GB Usage,Month,1.0,Rates,"#N/A",UDCI-GB-2019,Tier,Range,GB
86c79339-4ccb-4daa-95dc-717d66bcd0cb,USD,UDCI Ingested GB Usage,Month,1.0,Rates,"#N/A",UDCI-GB-2019,Tier,Range,GB
87027c98-0077-4fd3-9f33-86013e826b19,USD,UDCI Ingested GB Usage,Month,1.0,Rates,"#N/A",UDCI-GB-2019,Tier,Range,GB
87a4495c-9467-472f-bd9b-3ff2241b0aea,USD,UDCI Ingested GB Usage,Month,1.0,Rates,"#N/A",UDCI-GB-2019,Tier,Range,GB
8803d603-7805-4c75-9b66-e93d4b773cd0,USD,UDCI Ingested GB Usage,Month,1.0,Rates,"#N/A",UDCI-GB-2019,Tier,Range,GB
8835c958-014b-48ac-ab41-d33c1ed2ca8f,USD,UDCI Ingested GB Usage,Month,1.0,Rates,"#N/A",UDCI-GB-2019,Tier,Range,GB
8845b128-548f-41e2-92d9-25555d6e292f,USD,UDCI Ingested GB Usage,Month,1.0,Rates,"#N/A",UDCI-GB-2019,Tier,Range,GB
88df0fbb-bffa-4b44-80fe-b181912a9c3b,USD,UDCI Ingested GB Usage,Month,1.0,Rates,"#N/A",UDCI-GB-2019,Tier,Range,GB
898e8eb0-7e2e-40fd-8fd8-24523f309375,USD,UDCI Ingested GB Usage,Month,1.0,Rates,"#N/A",UDCI-GB-2019,Tier,Range,GB
89b47169-6ef8-41c7-a517-7fa0781a633e,USD,UDCI Ingested GB Usage,Month,1.0,Rates,"#N/A",UDCI-GB-2019,Tier,Range,GB
89b52ee9-0e6e-4578-95f5-abef38613d54,USD,UDCI Ingested GB Usage,Month,1.0,Rates,"#N/A",UDCI-GB-2019,Tier,Range,GB
8a898af6-8ee8-4604-bed4-3138f71e8027,USD,UDCI Ingested GB Usage,Month,1.0,Rates,"#N/A",UDCI-GB-2019,Tier,Range,GB
8aa17288-5742-4de1-b5fe-575e11b4e7e2,USD,UDCI Ingested GB Usage,Month,1.0,Rates,"#N/A",UDCI-GB-2019,Tier,Range,GB
8aae8439-d78c-4ffe-beb9-c6fddfe3ad4d,USD,UDCI Ingested GB Usage,Month,1.0,Rates,"#N/A",UDCI-GB-2019,Tier,Range,GB
8b38f9e2-63df-415e-8ef8-38a09f957a9c,USD,UDCI Ingested GB Usage,Month,1.0,Rates,"#N/A",UDCI-GB-2019,Tier,Range,GB
8b3a01db-a096-4eef-a11d-4cf20869daaa,USD,UDCI Ingested TB Usage (Flat Fee over 2 TB),Month,1.0,Rates,"#N/A",UDCI-TB-2019,Tier,Slab,TB
8b75dc0e-5e6b-4177-b060-9feecf42c978,USD,UDCI Ingested GB Usage,Month,1.0,Rates,"#N/A",UDCI-GB-2019,Tier,Range,GB
8cadf182-3a0e-42d9-9440-ca2e0eb32beb,USD,UDCI Ingested GB Usage,Month,1.0,Rates,"#N/A",UDCI-GB-2019,Tier,Range,GB
8d3ed651-1ac6-4dac-959f-396af0960aec,USD,UDCI Ingested GB Usage,Month,1.0,Rates,"#N/A",UDCI-GB-2019,Tier,Range,GB
8d863c45-9edd-48b3-a9b0-38df782e129a,USD,UDCI Ingested GB Usage,Month,1.0,Rates,"#N/A",UDCI-GB-2019,Tier,Range,GB
8e273e59-04f4-4f7e-abc9-7f3ecf1a244e,USD,UDCI Ingested GB Usage,Month,1.0,Rates,"#N/A",UDCI-GB-2019,Tier,Range,GB
8e6c9f2c-07f1-407e-8963-0bd2b2720348,USD,UDCI Ingested TB Usage (Flat Fee over 2 TB),Month,1.0,Rates,"#N/A",UDCI-TB-2019,Tier,Slab,TB
8f6432de-c4b9-4a0b-8633-368a304ec54a,USD,UDCI Ingested GB Usage,Month,1.0,Rates,"#N/A",UDCI-GB-2019,Tier,Range,GB
8fbc626f-7471-4047-9b9d-881ad995282f,USD,UDCI Ingested GB Usage,Month,1.0,Rates,"#N/A",UDCI-GB-2019,Tier,Range,GB
90097967-a067-47cb-bfb8-56d293983646,USD,UDCI Ingested GB Usage,Month,1.0,Rates,"#N/A",UDCI-GB-2019,Tier,Range,GB
90dceb7e-84ed-4ab3-a3fe-d9ef1ef8859e,USD,UDCI Ingested TB Usage (Flat Fee over 2 TB),Month,1.0,Rates,"#N/A",UDCI-TB-2019,Tier,Slab,TB
91065751-466a-4016-b853-33f1db36e884,USD,UDCI Ingested GB Usage,Month,1.0,Rates,"#N/A",UDCI-GB-2019,Tier,Range,GB
9141b833-4543-413d-8872-446fdcd57e75,USD,UDCI Ingested GB Usage,Month,1.0,Rates,"#N/A",UDCI-GB-2019,Tier,Range,GB
915fcae7-8bad-42cf-b0f3-384f7c116b7f,USD,UDCI Ingested GB Usage,Month,1.0,Rates,"#N/A",UDCI-GB-2019,Tier,Range,GB
921f3444-2c9e-4937-bb07-e5d94ddd99ba,USD,UDCI Ingested GB Usage,Month,1.0,Rates,"#N/A",UDCI-GB-2019,Tier,Range,GB
9264f3bc-e0db-44d4-85ff-c54e7e3c66e6,USD,UDCI Ingested GB Usage,Month,1.0,Rates,"#N/A",UDCI-GB-2019,Tier,Range,GB
9285b912-1f0b-4a2a-9830-b23478667ffc,USD,UDCI Ingested GB Usage,Month,1.0,Rates,"#N/A",UDCI-GB-2019,Tier,Range,GB
92ab7f3a-3dc3-4d80-beae-bba00dda6945,USD,UDCI Ingested GB Usage,Month,1.0,Rates,"#N/A",UDCI-GB-2019,Tier,Range,GB
92ddebb6-4e23-42fc-b020-e6f656413305,USD,UDCI Ingested GB Usage,Month,1.0,Rates,"#N/A",UDCI-GB-2019,Tier,Range,GB
94169967-3069-49db-b584-7d89c07d53b1,USD,UDCI Ingested GB Usage,Month,1.0,Rates,"#N/A",UDCI-GB-2019,Tier,Range,GB
957034f0-9bd1-4d7a-bab6-f6c11433f678,USD,UDCI Ingested GB Usage,Month,1.0,Rates,"#N/A",UDCI-GB-2019,Tier,Range,GB
9584324d-9813-4677-9a6e-b5995d642031,USD,UDCI Ingested GB Usage,Month,1.0,Rates,"#N/A",UDCI-GB-2019,Tier,Range,GB
95b7058e-32a1-4b43-a7b8-02b6982f2ad9,USD,UDCI Ingested GB Usage,Month,1.0,Rates,"#N/A",UDCI-GB-2019,Tier,Range,GB
95fa1d33-e87a-4fae-b703-f357e5e7a965,USD,UDCI Ingested GB Usage,Month,1.0,Rates,"#N/A",UDCI-GB-2019,Tier,Range,GB
960e2abf-c951-4527-bffa-ca5226c82288,USD,UDCI Ingested GB Usage,Month,1.0,Rates,"#N/A",UDCI-GB-2019,Tier,Range,GB
96703149-25f4-4038-b6b6-a0a51f647616,USD,UDCI Ingested GB Usage,Month,1.0,Rates,"#N/A",UDCI-GB-2019,Tier,Range,GB
967db466-bf35-4328-a54f-724c8b346ee4,USD,UDCI Ingested GB Usage,Month,1.0,Rates,"#N/A",UDCI-GB-2019,Tier,Range,GB
97cbf28e-65c9-4f0c-81e1-1cbdbb8c4222,USD,UDCI Ingested GB Usage,Month,1.0,Rates,"#N/A",UDCI-GB-2019,Tier,Range,GB
980a615a-d467-4766-8e3a-8788a1f40f03,USD,UDCI Ingested GB Usage,Month,1.0,Rates,"#N/A",UDCI-GB-2019,Tier,Range,GB
99d0f220-abb2-4682-81a6-8545a0b413c7,USD,UDCI Ingested GB Usage,Month,1.0,Rates,"#N/A",UDCI-GB-2019,Tier,Range,GB
99efcaf8-5303-42d4-bbd4-66ad355b4289,USD,UDCI Ingested GB Usage,Month,1.0,Rates,"#N/A",UDCI-GB-2019,Tier,Range,GB
9a66a255-d441-4e35-9ecf-16714c5142e2,USD,UDCI Ingested GB Usage,Month,1.0,Rates,"#N/A",UDCI-GB-2019,Tier,Range,GB
9bad66ad-9817-452b-9d70-67b3c1ab897d,USD,UDCI Ingested GB Usage,Month,1.0,Rates,"#N/A",UDCI-GB-2019,Tier,Range,GB
9cbd9145-e275-4366-86fc-153e7fa89041,USD,UDCI Ingested GB Usage,Month,1.0,Rates,"#N/A",UDCI-GB-2019,Tier,Range,GB
9d535021-3b4c-4fcb-a25f-b6edfd00c604,USD,UDCI Ingested GB Usage,Month,1.0,Rates,"#N/A",UDCI-GB-2019,Tier,Range,GB
9e4b70ab-ace0-470a-8b9d-02143b7570a3,USD,UDCI Ingested GB Usage,Month,1.0,Rates,"#N/A",UDCI-GB-2019,Tier,Range,GB
9e6e9aaa-26ee-43c3-a0dc-2290062a1842,USD,UDCI Ingested GB Usage,Month,1.0,Rates,"#N/A",UDCI-GB-2019,Tier,Range,GB
9e889c41-9dd1-4c96-ae7e-a4c50e775658,USD,UDCI Ingested GB Usage,Month,1.0,Rates,"#N/A",UDCI-GB-2019,Tier,Range,GB
9e93e47a-f3bc-4577-8751-b7b8fb09debd,USD,UDCI Ingested GB Usage,Month,1.0,Rates,"#N/A",UDCI-GB-2019,Tier,Range,GB
9eab14db-0a35-4c9b-b0a9-240264765f18,USD,UDCI Ingested GB Usage,Month,1.0,Rates,"#N/A",UDCI-GB-2019,Tier,Range,GB
9fa8e72c-bd9c-4d92-80ee-aa66cbe8efc7,USD,UDCI Ingested GB Usage,Month,1.0,Rates,"#N/A",UDCI-GB-2019,Tier,Range,GB
a00155c6-b685-43ab-b0ae-9a7f9c88fc44,USD,UDCI Ingested GB Usage,Month,1.0,Rates,"#N/A",UDCI-GB-2019,Tier,Range,GB
a02e50d6-0c02-444f-adb3-b0c3ae57fc79,USD,UDCI Ingested GB Usage,Month,1.0,Rates,"#N/A",UDCI-GB-2019,Tier,Range,GB
a05286df-0645-4495-b8c9-a470d8451e9d,USD,UDCI Ingested GB Usage,Month,1.0,Rates,"#N/A",UDCI-GB-2019,Tier,Range,GB
a2515f1d-6bcc-43b0-a1fd-76f28b4e6c39,USD,UDCI Ingested GB Usage,Month,1.0,Rates,"#N/A",UDCI-GB-2019,Tier,Range,GB
a3ce3860-0516-4d5e-8bb6-2f0cffbdcd40,USD,UDCI Ingested GB Usage,Month,1.0,Rates,"#N/A",UDCI-GB-2019,Tier,Range,GB
a41cc0fd-bdca-4670-bcb4-d656967d0237,USD,UDCI Ingested GB Usage,Month,1.0,Rates,"#N/A",UDCI-GB-2019,Tier,Range,GB
a42cb743-27bf-4036-ba14-be468bd5415e,USD,UDCI Ingested GB Usage,Month,1.0,Rates,"#N/A",UDCI-GB-2019,Tier,Range,GB
a441ac42-9300-46d2-8be2-be321d3b37e5,USD,UDCI Ingested GB Usage,Month,1.0,Rates,"#N/A",UDCI-GB-2019,Tier,Range,GB
a45fd0e8-08e0-4bd1-bacd-d081354f910c,USD,UDCI Ingested GB Usage,Month,1.0,Rates,"#N/A",UDCI-GB-2019,Tier,Range,GB
a4ad91c2-a3f1-4789-ad73-0feb7116a2a4,USD,UDCI Ingested GB Usage,Month,1.0,Rates,"#N/A",UDCI-GB-2019,Tier,Range,GB
a4ed1b04-8c59-496b-aafe-ad665dd16ea6,USD,UDCI Ingested GB Usage,Month,1.0,Rates,"#N/A",UDCI-GB-2019,Tier,Range,GB
a5715285-4007-4954-a3d3-fc279b2d1616,USD,UDCI Ingested GB Usage,Month,1.0,Rates,"#N/A",UDCI-GB-2019,Tier,Range,GB
a5df3312-97e0-44b1-9760-44bfc4708169,USD,UDCI Ingested GB Usage,Month,1.0,Rates,"#N/A",UDCI-GB-2019,Tier,Range,GB
a601a8f2-3d5b-4d3e-a56d-0f6f1fb8a43a,USD,UDCI Ingested GB Usage,Month,1.0,Rates,"#N/A",UDCI-GB-2019,Tier,Range,GB
a70bb866-dae3-4781-ad6e-a4814aefed4c,USD,UDCI Ingested GB Usage,Month,1.0,Rates,"#N/A",UDCI-GB-2019,Tier,Range,GB
a883493b-c51f-4963-ba75-618e16ec3cdd,USD,UDCI Ingested GB Usage,Month,1.0,Rates,"#N/A",UDCI-GB-2019,Tier,Range,GB
a8aa1f16-9c0e-4ee5-9be1-bac5d1a74817,USD,UDCI Ingested GB Usage,Month,1.0,Rates,"#N/A",UDCI-GB-2019,Tier,Range,GB
a908fe5b-922e-4166-8029-5531692704eb,USD,UDCI Ingested GB Usage,Month,1.0,Rates,"#N/A",UDCI-GB-2019,Tier,Range,GB
a9366fd0-48ca-40be-a12a-4e58f388eff5,USD,UDCI Ingested GB Usage,Month,1.0,Rates,"#N/A",UDCI-GB-2019,Tier,Range,GB
aa030719-36cb-4ec4-ae8e-0eb9ead07220,USD,UDCI Ingested GB Usage,Month,1.0,Rates,"#N/A",UDCI-GB-2019,Tier,Range,GB
aa083f4a-d6a7-45ad-a8fd-ead78c4092a3,USD,UDCI Ingested GB Usage,Month,1.0,Rates,"#N/A",UDCI-GB-2019,Tier,Range,GB
ab831bec-df76-483b-9f07-808d79952d85,USD,UDCI Ingested GB Usage,Month,1.0,Rates,"#N/A",UDCI-GB-2019,Tier,Range,GB
ac4e1ff7-ec96-4a9d-9b86-4b4c7ac3b338,USD,UDCI Ingested GB Usage,Month,1.0,Rates,"#N/A",UDCI-GB-2019,Tier,Range,GB
ad0187a3-217e-447c-8c35-6c5a5155c728,USD,UDCI Ingested GB Usage,Month,1.0,Rates,"#N/A",UDCI-GB-2019,Tier,Range,GB
ad41d40b-61ad-484d-bfe7-fed5c4251a12,USD,UDCI Ingested GB Usage,Month,1.0,Rates,"#N/A",UDCI-GB-2019,Tier,Range,GB
ad5f821d-0261-4243-9242-74f9951a3f85,USD,UDCI Ingested GB Usage,Month,1.0,Rates,"#N/A",UDCI-GB-2019,Tier,Range,GB
ad855181-8377-4b5b-930b-75ba91385ab1,USD,UDCI Ingested GB Usage,Month,1.0,Rates,"#N/A",UDCI-GB-2019,Tier,Range,GB
ade02d38-fcc6-4bf3-b030-9c854f3b55fe,USD,UDCI Ingested GB Usage,Month,1.0,Rates,"#N/A",UDCI-GB-2019,Tier,Range,GB
ae422b02-07e8-4865-a903-1feec428a830,USD,UDCI Ingested GB Usage,Month,1.0,Rates,"#N/A",UDCI-GB-2019,Tier,Range,GB
ae725c1c-01a3-4631-8c33-ed1a4a14708e,USD,UDCI Ingested GB Usage,Month,1.0,Rates,"#N/A",UDCI-GB-2019,Tier,Range,GB
aef78b88-e67c-4a9f-b4cc-5dcaa3a2abd8,USD,UDCI Ingested GB Usage,Month,1.0,Rates,"#N/A",UDCI-GB-2019,Tier,Range,GB
aefa2ce8-bb81-4d97-a825-e57358f59f0d,USD,UDCI Ingested GB Usage,Month,1.0,Rates,"#N/A",UDCI-GB-2019,Tier,Range,GB
af0ade37-fef2-4109-83c1-6ab961c85600,USD,UDCI Ingested GB Usage,Month,1.0,Rates,"#N/A",UDCI-GB-2019,Tier,Range,GB
af9949c5-9f5d-48a9-bbf1-f7a218c97b31,USD,UDCI Ingested GB Usage,Month,1.0,Rates,"#N/A",UDCI-GB-2019,Tier,Range,GB
afe8333e-de14-4c84-b969-d252767e177a,USD,UDCI Ingested GB Usage,Month,1.0,Rates,"#N/A",UDCI-GB-2019,Tier,Range,GB
b0225a96-974c-4b69-ac46-035f4ca568ec,USD,UDCI Ingested GB Usage,Month,1.0,Rates,"#N/A",UDCI-GB-2019,Tier,Range,GB
b0f46316-c7fe-41a1-b98e-2bbe5b712991,USD,UDCI Ingested GB Usage,Month,1.0,Rates,"#N/A",UDCI-GB-2019,Tier,Range,GB
b103ea44-16a6-4acc-8704-45d69ac654a8,USD,UDCI Ingested GB Usage,Month,1.0,Rates,"#N/A",UDCI-GB-2019,Tier,Range,GB
b12e630e-ef9b-4ee2-b5e1-23630589eef7,USD,UDCI Ingested GB Usage,Month,1.0,Rates,"#N/A",UDCI-GB-2019,Tier,Range,GB
b2cb4d1f-f8d9-465a-9ab9-7b275127759f,USD,UDCI Ingested GB Usage,Month,1.0,Rates,"#N/A",UDCI-GB-2019,Tier,Range,GB
b3d7f6c4-8474-4515-9524-fb8848dab3e9,USD,UDCI Ingested GB Usage,Month,1.0,Rates,"#N/A",UDCI-GB-2019,Tier,Range,GB
b422db41-2518-41ce-aa13-7030f3efd55a,USD,UDCI Ingested GB Usage,Month,1.0,Rates,"#N/A",UDCI-GB-2019,Tier,Range,GB
b4284c30-f6e7-48f1-9eaf-b862b070baec,USD,UDCI Ingested GB Usage,Month,1.0,Rates,"#N/A",UDCI-GB-2019,Tier,Range,GB
b4766999-bbab-4b0d-97f1-c2c5e1f1d31c,USD,UDCI Ingested GB Usage,Month,1.0,Rates,"#N/A",UDCI-GB-2019,Tier,Range,GB
b54fcaec-68ce-45be-8c2e-5f45ae924682,USD,UDCI Ingested GB Usage,Month,1.0,Rates,"#N/A",UDCI-GB-2019,Tier,Range,GB
b5788f6f-568a-412b-98ec-13a9599baefe,USD,UDCI Ingested GB Usage,Month,1.0,Rates,"#N/A",UDCI-GB-2019,Tier,Range,GB
b6fafe93-de88-40eb-8899-78f4a83b67f8,USD,UDCI Ingested GB Usage,Month,1.0,Rates,"#N/A",UDCI-GB-2019,Tier,Range,GB
b7b40c1a-2c36-4f34-9c8b-01aae0a54d0e,USD,UDCI Ingested GB Usage,Month,1.0,Rates,"#N/A",UDCI-GB-2019,Tier,Range,GB
b7ce9206-809d-4959-b104-80a6232daf34,USD,UDCI Ingested GB Usage,Month,1.0,Rates,"#N/A",UDCI-GB-2019,Tier,Range,GB
b7d77c53-6be9-4389-862b-52a521522e02,USD,UDCI Ingested GB Usage,Month,1.0,Rates,"#N/A",UDCI-GB-2019,Tier,Range,GB
b8062563-80d6-45e0-b20b-78b3313d35ac,USD,UDCI Ingested GB Usage,Month,1.0,Rates,"#N/A",UDCI-GB-2019,Tier,Range,GB
b90b919e-a527-4782-9f44-d9b5123049d5,USD,UDCI Ingested GB Usage,Month,1.0,Rates,"#N/A",UDCI-GB-2019,Tier,Range,GB
bb5692d4-18da-4250-8ec3-0a8100688970,USD,UDCI Ingested GB Usage,Month,1.0,Rates,"#N/A",UDCI-GB-2019,Tier,Range,GB
bb923790-60fa-46fc-bbf6-4fa6466de116,USD,UDCI Ingested GB Usage,Month,1.0,Rates,"#N/A",UDCI-GB-2019,Tier,Range,GB
bbd39e6c-f2ec-4bb1-ad44-ff9cbd0de476,USD,UDCI Ingested GB Usage,Month,1.0,Rates,"#N/A",UDCI-GB-2019,Tier,Range,GB
bd766972-5c86-414a-84f5-494bc9ae0e8e,USD,UDCI Ingested GB Usage,Month,1.0,Rates,"#N/A",UDCI-GB-2019,Tier,Range,GB
bdd9d5df-a90f-4321-a94b-c7ea26eab7dc,USD,UDCI Ingested GB Usage,Month,1.0,Rates,"#N/A",UDCI-GB-2019,Tier,Range,GB
bf39629b-fd59-43b1-a7c5-5d8173a3e78f,USD,UDCI Ingested GB Usage,Month,1.0,Rates,"#N/A",UDCI-GB-2019,Tier,Range,GB
bfcc3384-5636-449b-98b4-fe2cf2c003a7,USD,UDCI Ingested GB Usage,Month,1.0,Rates,"#N/A",UDCI-GB-2019,Tier,Range,GB
c14c849c-8123-466e-acd6-e35d93b52774,USD,UDCI Ingested GB Usage,Month,1.0,Rates,"#N/A",UDCI-GB-2019,Tier,Range,GB
c2078ced-a4f0-4db2-8999-d7de0cbb9115,USD,UDCI Ingested GB Usage,Month,1.0,Rates,"#N/A",UDCI-GB-2019,Tier,Range,GB
c2b77d38-dafe-4412-916a-200b6a6c5dd5,USD,UDCI Ingested GB Usage,Month,1.0,Rates,"#N/A",UDCI-GB-2019,Tier,Range,GB
c2ec70b3-4f6d-4c97-b4ea-1776ae41c571,USD,UDCI Ingested GB Usage,Month,1.0,Rates,"#N/A",UDCI-GB-2019,Tier,Range,GB
c5b068a8-f571-4138-a8d2-02d64cae933f,USD,UDCI Ingested GB Usage,Month,12.0,Rates,"#N/A",UDCI-GB-2019,Tier,Range,GB
c65b4990-94e0-4298-9ff2-ed19ca80a5ea,USD,UDCI Ingested GB Usage,Month,1.0,Rates,"#N/A",UDCI-GB-2019,Tier,Range,GB
c71fdda1-4ddc-41e0-a1a6-d708e3c1e764,USD,UDCI Ingested GB Usage,Month,1.0,Rates,"#N/A",UDCI-GB-2019,Tier,Range,GB
c7eaab47-09bc-4203-aaee-00b83522995f,USD,UDCI Ingested GB Usage,Month,1.0,Rates,"#N/A",UDCI-GB-2019,Tier,Range,GB
caac6ae0-2796-4a8a-a950-883a93a18cf3,USD,UDCI Ingested GB Usage,Month,1.0,Rates,"#N/A",UDCI-GB-2019,Tier,Range,GB
cad6c972-0c48-4226-920a-8b8ef5263a90,USD,UDCI Ingested GB Usage,Month,1.0,Rates,"#N/A",UDCI-GB-2019,Tier,Range,GB
cb084d7f-6d4e-4785-a28d-324ee308b4b0,USD,UDCI Ingested GB Usage,Month,1.0,Rates,"#N/A",UDCI-GB-2019,Tier,Range,GB
cbb54b8e-c6f8-4649-8320-7c5e86d27725,USD,UDCI Ingested GB Usage,Month,1.0,Rates,"#N/A",UDCI-GB-2019,Tier,Range,GB
cc93d68f-d81d-46b5-bf36-26bc630dc24d,USD,UDCI Ingested GB Usage,Month,1.0,Rates,"#N/A",UDCI-GB-2019,Tier,Range,GB
cc9b23f1-8935-40b8-b0e5-d2ba3c8a9055,USD,UDCI Ingested GB Usage,Month,1.0,Rates,"#N/A",UDCI-GB-2019,Tier,Range,GB
ccf18511-8da6-4159-b299-f8ba316e4051,USD,UDCI Ingested GB Usage,Month,1.0,Rates,"#N/A",UDCI-GB-2019,Tier,Range,GB
cd5cd621-a8be-4232-b5e6-f8e7902afdb9,USD,UDCI Ingested GB Usage,Month,1.0,Rates,"#N/A",UDCI-GB-2019,Tier,Range,GB
cdd7f1eb-fb65-4dcd-ae41-ea95e9dc351b,USD,UDCI Ingested GB Usage,Month,1.0,Rates,"#N/A",UDCI-GB-2019,Tier,Range,GB
ce751888-48f0-4928-bf13-100e0bd8ffe7,USD,UDCI Ingested GB Usage,Month,1.0,Rates,"#N/A",UDCI-GB-2019,Tier,Range,GB
cf31ab91-bde4-4430-a687-59f2736a06de,USD,UDCI Ingested GB Usage,Month,1.0,Rates,"#N/A",UDCI-GB-2019,Tier,Range,GB
d032d621-401c-4c51-8f94-ed1024d6a294,USD,UDCI Ingested GB Usage,Month,1.0,Rates,"#N/A",UDCI-GB-2019,Tier,Range,GB
d0544768-d7a4-49b2-b621-edddc7d19dd8,USD,UDCI Ingested GB Usage,Month,1.0,Rates,"#N/A",UDCI-GB-2019,Tier,Range,GB
d1a403fe-0b47-460f-9b4a-a55e2e790959,USD,UDCI Ingested GB Usage,Month,1.0,Rates,"#N/A",UDCI-GB-2019,Tier,Range,GB
d1f55f58-dbed-4686-b8f6-479e072f2203,USD,UDCI Ingested GB Usage,Month,1.0,Rates,"#N/A",UDCI-GB-2019,Tier,Range,GB
d23f3c17-1d4f-44bc-95ac-906a9ec2461c,USD,UDCI Ingested GB Usage,Month,1.0,Rates,"#N/A",UDCI-GB-2019,Tier,Range,GB
d2528386-32dc-4dae-8fbd-f109f80f1f8e,USD,UDCI Ingested GB Usage,Month,1.0,Rates,"#N/A",UDCI-GB-2019,Tier,Range,GB
d2a8b60d-39fe-4937-9ad6-f70ad0f7597c,USD,UDCI Ingested GB Usage,Month,1.0,Rates,"#N/A",UDCI-GB-2019,Tier,Range,GB
d37f90f5-5eb3-4332-8d2e-0444f21d156f,USD,UDCI Ingested GB Usage,Month,1.0,Rates,"#N/A",UDCI-GB-2019,Tier,Range,GB
d39506ee-3da9-4e60-937f-366c89224003,USD,UDCI Ingested GB Usage,Month,1.0,Rates,"#N/A",UDCI-GB-2019,Tier,Range,GB
d52855b0-8bb9-46a9-a2ea-ccb555c4c730,USD,UDCI Ingested GB Usage,Month,1.0,Rates,"#N/A",UDCI-GB-2019,Tier,Range,GB
d5691dfb-4f59-4a7a-9e2a-1e06e66cd3fa,USD,UDCI Ingested GB Usage,Month,1.0,Rates,"#N/A",UDCI-GB-2019,Tier,Range,GB
d5b4fe0c-f4ae-4151-895c-8a0822580a73,USD,UDCI Ingested GB Usage,Month,1.0,Rates,"#N/A",UDCI-GB-2019,Tier,Range,GB
d6993c6f-0550-4989-afb0-4544aa879b9c,USD,UDCI Ingested MB Usage (Slab Pricing),Month,1.0,Rates,"#N/A",UDCI-MB-2019,Tier,Slab,MB
d70791d3-e86c-4264-9353-9778a6450622,USD,UDCI Ingested GB Usage,Month,1.0,Rates,"#N/A",UDCI-GB-2019,Tier,Range,GB
d7656933-bc3c-4baa-89e1-a0ed07c189d9,USD,UDCI Ingested GB Usage,Month,1.0,Rates,"#N/A",UDCI-GB-2019,Tier,Range,GB
d7e41540-d169-49ab-8aec-abc3fedc279b,USD,UDCI Ingested GB Usage,Month,1.0,Rates,"#N/A",UDCI-GB-2019,Tier,Range,GB
d8a42648-5148-4172-a0e6-43e616e806a5,USD,UDCI Ingested GB Usage,Month,1.0,Rates,"#N/A",UDCI-GB-2019,Tier,Range,GB
d8ad16ac-56cb-49cf-8891-1307eb008e5f,USD,UDCI Ingested GB Usage,Month,1.0,Rates,"#N/A",UDCI-GB-2019,Tier,Range,GB
d8da00d5-be1d-4090-a7c8-8c10e5d874b7,USD,UDCI Ingested GB Usage,Month,1.0,Rates,"#N/A",UDCI-GB-2019,Tier,Range,GB
d99d401f-0802-48c9-80be-288e5d270f6b,USD,UDCI Ingested GB Usage,Month,1.0,Rates,"#N/A",UDCI-GB-2019,Tier,Range,GB
d9d81c7e-344c-4a5f-8440-14ef3e0dfd3d,USD,UDCI Ingested GB Usage,Month,1.0,Rates,"#N/A",UDCI-GB-2019,Tier,Range,GB
daf6b7f1-b562-4c10-8c72-ffd6515b3ae5,USD,UDCI Ingested GB Usage,Month,1.0,Rates,"#N/A",UDCI-GB-2019,Tier,Range,GB
db37ca10-f096-417d-b93c-bd6eb4937fd5,USD,UDCI Ingested GB Usage,Month,1.0,Rates,"#N/A",UDCI-GB-2019,Tier,Range,GB
dba55b07-324a-41e8-8510-8f39957922ad,USD,UDCI Ingested GB Usage,Month,1.0,Rates,"#N/A",UDCI-GB-2019,Tier,Range,GB
dd078f46-78f1-4e41-abb7-4213271c517b,USD,UDCI Ingested GB Usage,Month,1.0,Rates,"#N/A",UDCI-GB-2019,Tier,Range,GB
de9d4886-7987-4d65-9e0d-1dd5985a98f7,USD,UDCI Ingested GB Usage,Month,1.0,Rates,"#N/A",UDCI-GB-2019,Tier,Range,GB
df8913ee-2ed9-442d-93f8-1ac2fd931f1a,USD,UDCI Ingested GB Usage,Month,1.0,Rates,"#N/A",UDCI-GB-2019,Tier,Range,GB
dfb0c902-3161-4d7c-ab4f-004f7a62979e,USD,UDCI Ingested GB Usage,Month,1.0,Rates,"#N/A",UDCI-GB-2019,Tier,Range,GB
dfd4f76b-a76d-4619-b5a2-8902e56c63f5,USD,UDCI Ingested GB Usage,Month,1.0,Rates,"#N/A",UDCI-GB-2019,Tier,Range,GB
dfea85c2-6c23-47aa-8ac9-76987b797a51,USD,UDCI Ingested GB Usage,Month,1.0,Rates,"#N/A",UDCI-GB-2019,Tier,Range,GB
e0257a98-f978-4d73-a854-c4766a7c9fb9,USD,UDCI Ingested GB Usage,Month,1.0,Rates,"#N/A",UDCI-GB-2019,Tier,Range,GB
e03438eb-0c3f-4c01-823b-85daf6a1fb81,USD,UDCI Ingested GB Usage,Month,1.0,Rates,"#N/A",UDCI-GB-2019,Tier,Range,GB
e0c5f0ee-2823-412b-b7bc-ba72bde6c6f0,USD,UDCI Ingested GB Usage,Month,1.0,Rates,"#N/A",UDCI-GB-2019,Tier,Range,GB
e13eba72-8577-42bb-9421-6ebb0dfd7b3b,USD,UDCI Ingested GB Usage,Month,1.0,Rates,"#N/A",UDCI-GB-2019,Tier,Range,GB
e204b38c-d79c-44af-94d3-2a9d8c8b4d3f,USD,UDCI Ingested GB Usage,Month,1.0,Rates,"#N/A",UDCI-GB-2019,Tier,Range,GB
e3219dd6-53f3-43bd-a275-710ee164907d,USD,UDCI Ingested GB Usage,Month,1.0,Rates,"#N/A",UDCI-GB-2019,Tier,Range,GB
e4014635-941b-400b-b4f9-99750f22580d,USD,UDCI Ingested GB Usage,Month,1.0,Rates,"#N/A",UDCI-GB-2019,Tier,Range,GB
e56ce2ae-ca36-4c81-b16d-23fe55dc5219,USD,UDCI Ingested GB Usage,Month,1.0,Rates,"#N/A",UDCI-GB-2019,Tier,Range,GB
e5e137f3-ff29-4b36-8e13-f10d37406418,USD,UDCI Ingested GB Usage,Month,1.0,Rates,"#N/A",UDCI-GB-2019,Tier,Range,GB
e63d7d06-f094-4376-a53b-87fa16cef2c0,USD,UDCI Ingested GB Usage,Month,1.0,Rates,"#N/A",UDCI-GB-2019,Tier,Range,GB
e69852a6-cc18-4482-98d4-f6af443f6e44,USD,UDCI Ingested GB Usage,Month,1.0,Rates,"#N/A",UDCI-GB-2019,Tier,Range,GB
e6ad0980-4f28-4ea7-b4c2-ce3ff27f7b6a,USD,UDCI Ingested GB Usage,Month,1.0,Rates,"#N/A",UDCI-GB-2019,Tier,Range,GB
e713b76b-c023-48ff-b755-738208c72aa7,USD,UDCI Ingested GB Usage,Month,1.0,Rates,"#N/A",UDCI-GB-2019,Tier,Range,GB
e87679e1-efdc-4e0b-8395-4a8684e08db4,USD,UDCI Ingested GB Usage,Month,1.0,Rates,"#N/A",UDCI-GB-2019,Tier,Range,GB
e89513ce-2fcf-4090-8651-75f927b72eae,USD,UDCI Ingested GB Usage,Month,1.0,Rates,"#N/A",UDCI-GB-2019,Tier,Range,GB
e8f7556a-5dff-418d-8ddb-2941d1c69d07,USD,UDCI Ingested GB Usage,Month,1.0,Rates,"#N/A",UDCI-GB-2019,Tier,Range,GB
e957b0f7-8fd4-4a95-bf16-9e1abd9ce053,USD,UDCI Ingested GB Usage,Month,1.0,Rates,"#N/A",UDCI-GB-2019,Tier,Range,GB
e9584188-8ce1-49b9-bb7f-def814dff72d,USD,UDCI Ingested GB Usage,Month,1.0,Rates,"#N/A",UDCI-GB-2019,Tier,Range,GB
ea9646a5-4c6c-46ab-b4bf-98984bd063c4,USD,UDCI Ingested GB Usage,Month,1.0,Rates,"#N/A",UDCI-GB-2019,Tier,Range,GB
ead717af-5dac-4f51-acb5-bb76646e3958,USD,UDCI Ingested GB Usage,Month,1.0,Rates,"#N/A",UDCI-GB-2019,Tier,Range,GB
eb1fd246-ee81-4b4e-abc4-de6213c54c85,USD,UDCI Ingested GB Usage,Month,1.0,Rates,"#N/A",UDCI-GB-2019,Tier,Range,GB
eb7e03cc-8add-40f0-8a26-5685b5890875,USD,UDCI Ingested GB Usage,Month,1.0,Rates,"#N/A",UDCI-GB-2019,Tier,Range,GB
ebc90d4f-04ed-4060-a2ad-dda5daa3b88d,USD,UDCI Ingested GB Usage,Month,1.0,Rates,"#N/A",UDCI-GB-2019,Tier,Range,GB
ec93ca04-5611-439a-a175-91069d921429,USD,UDCI Ingested GB Usage,Month,1.0,Rates,"#N/A",UDCI-GB-2019,Tier,Range,GB
ecbd34c9-1ad1-487e-b879-61568ad21f69,USD,UDCI Ingested GB Usage,Month,1.0,Rates,"#N/A",UDCI-GB-2019,Tier,Range,GB
ee2db384-57a1-4136-944b-1aadf971ac9f,USD,UDCI Ingested GB Usage,Month,1.0,Rates,"#N/A",UDCI-GB-2019,Tier,Range,GB
f181e1b2-083f-4c4d-a5e1-d576b68cc600,USD,UDCI Ingested GB Usage,Month,1.0,Rates,"#N/A",UDCI-GB-2019,Tier,Range,GB
f2d456fd-90bf-4254-8d62-42c2ba4a3b6d,USD,UDCI Ingested GB Usage,Month,1.0,Rates,"#N/A",UDCI-GB-2019,Tier,Range,GB
f37dc8a0-e832-43e4-8389-985c164673f0,USD,UDCI Ingested GB Usage,Month,1.0,Rates,"#N/A",UDCI-GB-2019,Tier,Range,GB
f42d5cb5-7cc6-48a2-81fd-74a7d34f081b,USD,UDCI Ingested GB Usage,Month,1.0,Rates,"#N/A",UDCI-GB-2019,Tier,Range,GB
f4d8d9b5-fc99-4a9e-a6af-f335254e32a1,USD,UDCI Ingested GB Usage,Month,1.0,Rates,"#N/A",UDCI-GB-2019,Tier,Range,GB
f594a2e7-eb19-48b4-b456-238058ff0d1d,USD,UDCI Ingested GB Usage,Month,1.0,Rates,"#N/A",UDCI-GB-2019,Tier,Range,GB
f7d621c5-d78d-476b-b5b1-22284fafcb4e,USD,UDCI Ingested GB Usage,Month,1.0,Rates,"#N/A",UDCI-GB-2019,Tier,Range,GB
f8a2c66f-1383-4f66-b296-6178d9d694a3,USD,UDCI Ingested GB Usage,Month,1.0,Rates,"#N/A",UDCI-GB-2019,Tier,Range,GB
f9d7c2b6-5d1b-4cc0-a362-d1434979b9df,USD,UDCI Ingested GB Usage,Month,1.0,Rates,"#N/A",UDCI-GB-2019,Tier,Range,GB
f9fc9e65-6ad5-4c3a-87ca-000319c4f3fb,USD,UDCI Ingested GB Usage,Month,1.0,Rates,"#N/A",UDCI-GB-2019,Tier,Range,GB
fa573ab4-d14b-40f0-a2b0-0ee1bc264239,USD,UDCI Ingested GB Usage,Month,1.0,Rates,"#N/A",UDCI-GB-2019,Tier,Range,GB
fa6e3826-c271-4118-8a80-c00556592434,USD,UDCI Ingested GB Usage,Month,1.0,Rates,"#N/A",UDCI-GB-2019,Tier,Range,GB
faea87f5-8fb0-45e6-ad98-17bab61830ab,USD,UDCI Ingested GB Usage,Month,1.0,Rates,"#N/A",UDCI-GB-2019,Tier,Range,GB
fb0c9148-60f1-4d9b-8b16-3c83fabe8d79,USD,UDCI Ingested GB Usage,Month,1.0,Rates,"#N/A",UDCI-GB-2019,Tier,Range,GB
fb413233-df8f-4d39-83b0-6e50c1e3f9e1,USD,UDCI Ingested GB Usage,Month,1.0,Rates,"#N/A",UDCI-GB-2019,Tier,Range,GB
fb50d3e5-d559-4397-a478-8dce945c4dbe,USD,UDCI Ingested GB Usage,Month,1.0,Rates,"#N/A",UDCI-GB-2019,Tier,Range,GB
fb71c32d-be1f-4ffa-8f8d-99b8b7da2dc2,USD,UDCI Ingested GB Usage,Month,1.0,Rates,"#N/A",UDCI-GB-2019,Tier,Range,GB
fb7fbb0c-7150-4643-bd01-04c42727781b,USD,UDCI Ingested GB Usage,Month,1.0,Rates,"#N/A",UDCI-GB-2019,Tier,Range,GB
fc09cadc-b715-4dec-8d5f-b42f1e36e91b,USD,UDCI Ingested GB Usage,Month,1.0,Rates,"#N/A",UDCI-GB-2019,Tier,Range,GB
fcbd3881-d658-4577-ab68-9fb5a78ea6ab,USD,UDCI Ingested GB Usage,Month,1.0,Rates,"#N/A",UDCI-GB-2019,Tier,Range,GB
fd7eeb8b-1a1a-4a7a-b48c-95a478a5f437,USD,UDCI Ingested GB Usage,Month,1.0,Rates,"#N/A",UDCI-GB-2019,Tier,Range,GB
fde44976-1659-4c34-8b99-992d5f8bb334,USD,UDCI Ingested GB Usage,Month,1.0,Rates,"#N/A",UDCI-GB-2019,Tier,Range,GB
fe87d9f6-3a9e-4906-abc9-5d6fa3fe11a2,USD,UDC Ingested GB Usage,Month,12.0,Rates,"#N/A","#N/A",Tier,Range,GB
feabf5fd-b333-4cdf-bb6b-1ea20a3cf2c3,USD,UDCI Ingested GB Usage,Month,1.0,Rates,"#N/A",UDCI-GB-2019,Tier,Range,GB
ff1d8bf4-cb5d-4f28-a541-8215a6e87137,USD,UDCI Ingested GB Usage,Month,1.0,Rates,"#N/A",UDCI-GB-2019,Tier,Range,GB
ff7fa79d-2b45-4710-b157-635609c83d09,USD,UDCI Ingested GB Usage,Month,1.0,Rates,"#N/A",UDCI-GB-2019,Tier,Range,GB
